filename,label
2fthrQ5XP.png,2fthrQ5XP
3Py96N7.png,3Py96N7
48au8t4K.png,48au8t4K
4HLSENVh.png,4HLSENVh
4p4t6ZR5Y.png,4p4t6ZR5Y
4rF3wrMC.png,4rF3wrMC
534zrzQU.png,534zrzQU
57cDMM2U.png,57cDMM2U
5XxBe3RP.png,5XxBe3RP
65cdD6AbE.png,65cdD6AbE
6x2kBneBP.png,6x2kBneBP
6Yd9wuzTy.png,6Yd9wuzTy
7AQ5Z9zu.png,7AQ5Z9zu
83UShMrd6.png,83UShMrd6
88eFW4Rw.png,88eFW4Rw
8e7d9FEAu.png,8e7d9FEAu
8Mh4Lgbx4.png,8Mh4Lgbx4
8xsUEWwK6.png,8xsUEWwK6
96Qv8xt.png,96Qv8xt
ad8sDVP.png,ad8sDVP
AZKP9Mmv.png,AZKP9Mmv
BCKGNdP.png,BCKGNdP
BSnd9P9.png,BSnd9P9
c48eK44.png,c48eK44
CyARVcCf.png,CyARVcCf
eBFMc2y.png,eBFMc2y
erBX8Ei.png,erBX8Ei
F6VWkfNYN.png,F6VWkfNYN
fAXPBuS.png,fAXPBuS
fBGK44T.png,fBGK44T
fzSfcVF.png,fzSfcVF
g2uwYw8.png,g2uwYw8
G3pNPGKxd.png,G3pNPGKxd
G55QtdRRd.png,G55QtdRRd
gaGTP66.png,gaGTP66
ghvuQPZ.png,ghvuQPZ
gRTX96a.png,gRTX96a
gYwZsNR.png,gYwZsNR
gzaGQcz.png,gzaGQcz
h9ggdbDkf.png,h9ggdbDkf
HieW6kwrd.png,HieW6kwrd
hrhPvc592.png,hrhPvc592
hsM6XuyhE.png,hsM6XuyhE
hzNkfURME.png,hzNkfURME
i2sxVnr.png,i2sxVnr
idii47V.png,idii47V
LF77PHT4P.png,LF77PHT4P
MG7Q4cwUA.png,MG7Q4cwUA
mKRmkC5mT.png,mKRmkC5mT
mmSEnu7nW.png,mmSEnu7nW
msTh5gYnD.png,msTh5gYnD
MV4gTdXS2.png,MV4gTdXS2
nc6Hvg8.png,nc6Hvg8
NC9Hk6V.png,NC9Hk6V
NhZmQ6k.png,NhZmQ6k
pFvpv4pz.png,pFvpv4pz
PmXwnW9XL.png,PmXwnW9XL
ppweYDEW.png,ppweYDEW
Pt565EFGt.png,Pt565EFGt
PtdC4MpvK.png,PtdC4MpvK
Q9AzfX69.png,Q9AzfX69
QtsLeUec.png,QtsLeUec
QVF48mLf.png,QVF48mLf
r4pMb9C9.png,r4pMb9C9
R5tNr26.png,R5tNr26
r5ZU4CZP.png,r5ZU4CZP
rLL4KvGx.png,rLL4KvGx
rtb3FBF7.png,rtb3FBF7
RUgDrak.png,RUgDrak
rywUd8u4.png,rywUd8u4
s6FgCSdw.png,s6FgCSdw
S7NpaTRTC.png,S7NpaTRTC
sAWVb9zd.png,sAWVb9zd
SUWcC8Rry.png,SUWcC8Rry
SVisbLstA.png,SVisbLstA
T5AatAATf.png,T5AatAATf
TA3imwpWB.png,TA3imwpWB
TicFMwbSZ.png,TicFMwbSZ
TNtrgCPUs.png,TNtrgCPUs
U9AneDt5y.png,U9AneDt5y
Uy9EmDcAG.png,Uy9EmDcAG
uZLRLGMp.png,uZLRLGMp
Vds8ALDSn.png,Vds8ALDSn
vGzmK4TK.png,vGzmK4TK
Vm4dUgiTx.png,Vm4dUgiTx
vw9muWkd.png,vw9muWkd
VXH7AYEWi.png,VXH7AYEWi
w2nMw4g4.png,w2nMw4g4
WgQGB3N8.png,WgQGB3N8
wGw6Yber.png,wGw6Yber
WPDwvDhi.png,WPDwvDhi
wWPnQV9T.png,wWPnQV9T
wYHvbxdn.png,wYHvbxdn
x3VN56Yh.png,x3VN56Yh
y4sETXah.png,y4sETXah
y7xFtEi3.png,y7xFtEi3
YEUs7FEQ.png,YEUs7FEQ
ZBuLDwD.png,ZBuLDwD
ZKDWphR.png,ZKDWphR
zVxG3aX9.png,zVxG3aX9